GPS time,SatPRN,Sat_x,Sat_y,Sat_z,Pr,cn0,DopplerShiftHz
2133.337626188004,G04,3410986.7856762093,18834442.304758653,18375928.89547028,21761725.634329412,33.9,-1340.700090593904
2133.3406671870034,G09,13370265.980354125,7305338.346913893,21675664.332195744,20800539.22066005,32.8,471.1499901200463
2133.3297842290194,G11,14756323.252803404,-12169800.39386651,18429073.290482685,23806385.5769856,32.2,1193.8500075907327
2133.333470965008,G16,-3375577.752657065,19898135.411563132,16694177.925089328,22811715.45572636,31.3,-952.9000194850997
2133.325036293012,G20,6090523.423065237,-15521540.957883444,20767801.389303055,25540978.87688122,32.2,3543.1499986104245
